time [s];swlx [m];swly [m];swlz [m];pos0x [m];pos0y [m];pos0z [m];pos2x [m];pos2y [m];pos2z [m]
0.000000;0.2;0;2.00691;0.2;0;-0.05;0.2;0;2.1
0.010017;0.2;0;2.00688;0.2;0;-0.05;0.2;0;2.1
0.020012;0.2;0;2.00619;0.2;0;-0.05;0.2;0;2.1
0.030018;0.2;0;2.00426;0.2;0;-0.05;0.2;0;2.1
0.040011;0.2;0;2.00153;0.2;0;-0.05;0.2;0;2.1
0.050013;0.2;0;1.99765;0.2;0;-0.05;0.2;0;2.1
0.060022;0.2;0;1.99276;0.2;0;-0.05;0.2;0;2.1
0.070010;0.2;0;1.98688;0.2;0;-0.05;0.2;0;2.1
0.080029;0.2;0;1.97998;0.2;0;-0.05;0.2;0;2.1
0.090002;0.2;0;1.97291;0.2;0;-0.05;0.2;0;2.1
0.100001;0.2;0;1.96479;0.2;0;-0.05;0.2;0;2.1
0.110014;0.2;0;1.95595;0.2;0;-0.05;0.2;0;2.1
0.120001;0.2;0;1.94605;0.2;0;-0.05;0.2;0;2.1
0.130030;0.2;0;1.93513;0.2;0;-0.05;0.2;0;2.1
0.140017;0.2;0;1.92387;0.2;0;-0.05;0.2;0;2.1
0.150024;0.2;0;1.912;0.2;0;-0.05;0.2;0;2.1
0.160006;0.2;0;1.89909;0.2;0;-0.05;0.2;0;2.1
0.170003;0.2;0;1.88546;0.2;0;-0.05;0.2;0;2.1
0.180022;0.2;0;1.87121;0.2;0;-0.05;0.2;0;2.1
0.190027;0.2;0;1.85634;0.2;0;-0.05;0.2;0;2.1
0.200006;0.2;0;1.84082;0.2;0;-0.05;0.2;0;2.1
0.210004;0.2;0;1.82452;0.2;0;-0.05;0.2;0;2.1
0.220015;0.2;0;1.80785;0.2;0;-0.05;0.2;0;2.1
0.230011;0.2;0;1.79055;0.2;0;-0.05;0.2;0;2.1
0.240000;0.2;0;1.77292;0.2;0;-0.05;0.2;0;2.1
0.250017;0.2;0;1.7546;0.2;0;-0.05;0.2;0;2.1
0.260029;0.2;0;1.73602;0.2;0;-0.05;0.2;0;2.1
0.270009;0.2;0;1.71706;0.2;0;-0.05;0.2;0;2.1
0.280023;0.2;0;1.69762;0.2;0;-0.05;0.2;0;2.1
0.290006;0.2;0;1.67789;0.2;0;-0.05;0.2;0;2.1
0.300028;0.2;0;1.65785;0.2;0;-0.05;0.2;0;2.1
0.310024;0.2;0;1.63771;0.2;0;-0.05;0.2;0;2.1
0.320007;0.2;0;1.61725;0.2;0;-0.05;0.2;0;2.1
0.330012;0.2;0;1.59648;0.2;0;-0.05;0.2;0;2.1
0.340024;0.2;0;1.57556;0.2;0;-0.05;0.2;0;2.1
0.350012;0.2;0;1.55452;0.2;0;-0.05;0.2;0;2.1
0.360030;0.2;0;1.53347;0.2;0;-0.05;0.2;0;2.1
0.370030;0.2;0;1.5124;0.2;0;-0.05;0.2;0;2.1
0.380026;0.2;0;1.49122;0.2;0;-0.05;0.2;0;2.1
0.390015;0.2;0;1.47003;0.2;0;-0.05;0.2;0;2.1
0.400011;0.2;0;1.44915;0.2;0;-0.05;0.2;0;2.1
0.410010;0.2;0;1.42847;0.2;0;-0.05;0.2;0;2.1
0.420017;0.2;0;1.40799;0.2;0;-0.05;0.2;0;2.1
0.430022;0.2;0;1.38772;0.2;0;-0.05;0.2;0;2.1
0.440010;0.2;0;1.36767;0.2;0;-0.05;0.2;0;2.1
0.450019;0.2;0;1.34776;0.2;0;-0.05;0.2;0;2.1
0.460029;0.2;0;1.32791;0.2;0;-0.05;0.2;0;2.1
0.470020;0.2;0;1.30813;0.2;0;-0.05;0.2;0;2.1
0.480008;0.2;0;1.28832;0.2;0;-0.05;0.2;0;2.1
0.490025;0.2;0;1.26862;0.2;0;-0.05;0.2;0;2.1
0.500026;0.2;0;1.24978;0.2;0;-0.05;0.2;0;2.1
0.510019;0.2;0;1.23271;0.2;0;-0.05;0.2;0;2.1
0.520031;0.2;0;1.21724;0.2;0;-0.05;0.2;0;2.1
0.530000;0.2;0;1.20138;0.2;0;-0.05;0.2;0;2.1
0.540015;0.2;0;1.18372;0.2;0;-0.05;0.2;0;2.1
0.550018;0.2;0;1.16486;0.2;0;-0.05;0.2;0;2.1
0.560020;0.2;0;1.14554;0.2;0;-0.05;0.2;0;2.1
0.570009;0.2;0;1.126;0.2;0;-0.05;0.2;0;2.1
0.580012;0.2;0;1.10618;0.2;0;-0.05;0.2;0;2.1
0.590015;0.2;0;1.08621;0.2;0;-0.05;0.2;0;2.1
0.600006;0.2;0;1.06629;0.2;0;-0.05;0.2;0;2.1
0.610027;0.2;0;1.04683;0.2;0;-0.05;0.2;0;2.1
0.620014;0.2;0;1.02864;0.2;0;-0.05;0.2;0;2.1
0.630024;0.2;0;1.01171;0.2;0;-0.05;0.2;0;2.1
0.640028;0.2;0;0.994672;0.2;0;-0.05;0.2;0;2.1
0.650000;0.2;0;0.977493;0.2;0;-0.05;0.2;0;2.1
0.660028;0.2;0;0.959897;0.2;0;-0.05;0.2;0;2.1
0.670013;0.2;0;0.943193;0.2;0;-0.05;0.2;0;2.1
0.680004;0.2;0;0.926059;0.2;0;-0.05;0.2;0;2.1
0.690001;0.2;0;0.907629;0.2;0;-0.05;0.2;0;2.1
0.700011;0.2;0;0.888188;0.2;0;-0.05;0.2;0;2.1
0.710013;0.2;0;0.869995;0.2;0;-0.05;0.2;0;2.1
0.720004;0.2;0;0.854078;0.2;0;-0.05;0.2;0;2.1
0.730012;0.2;0;0.839519;0.2;0;-0.05;0.2;0;2.1
0.740006;0.2;0;0.823721;0.2;0;-0.05;0.2;0;2.1
0.750007;0.2;0;0.809267;0.2;0;-0.05;0.2;0;2.1
0.760012;0.2;0;0.800024;0.2;0;-0.05;0.2;0;2.1
0.770015;0.2;0;0.787466;0.2;0;-0.05;0.2;0;2.1
0.780008;0.2;0;0.775354;0.2;0;-0.05;0.2;0;2.1
0.790004;0.2;0;0.76154;0.2;0;-0.05;0.2;0;2.1
0.800013;0.2;0;0.751122;0.2;0;-0.05;0.2;0;2.1
0.810004;0.2;0;0.740912;0.2;0;-0.05;0.2;0;2.1
0.820020;0.2;0;0.726431;0.2;0;-0.05;0.2;0;2.1
0.830001;0.2;0;0.719047;0.2;0;-0.05;0.2;0;2.1
0.840020;0.2;0;0.706933;0.2;0;-0.05;0.2;0;2.1
0.850010;0.2;0;0.69;0.2;0;-0.05;0.2;0;2.1
0.860005;0.2;0;0.677674;0.2;0;-0.05;0.2;0;2.1
0.870002;0.2;0;0.665788;0.2;0;-0.05;0.2;0;2.1
0.880003;0.2;0;0.655644;0.2;0;-0.05;0.2;0;2.1
0.890016;0.2;0;0.654313;0.2;0;-0.05;0.2;0;2.1
0.900021;0.2;0;0.645755;0.2;0;-0.05;0.2;0;2.1
0.910010;0.2;0;0.6382;0.2;0;-0.05;0.2;0;2.1
0.920010;0.2;0;0.626256;0.2;0;-0.05;0.2;0;2.1
0.930006;0.2;0;0.620567;0.2;0;-0.05;0.2;0;2.1
0.940022;0.2;0;0.616817;0.2;0;-0.05;0.2;0;2.1
0.950004;0.2;0;0.607906;0.2;0;-0.05;0.2;0;2.1
0.960017;0.2;0;0.596888;0.2;0;-0.05;0.2;0;2.1
0.970018;0.2;0;0.585507;0.2;0;-0.05;0.2;0;2.1
0.980022;0.2;0;0.573134;0.2;0;-0.05;0.2;0;2.1
0.990015;0.2;0;0.569315;0.2;0;-0.05;0.2;0;2.1
1.000005;0.2;0;0.560675;0.2;0;-0.05;0.2;0;2.1
1.010024;0.2;0;0.555223;0.2;0;-0.05;0.2;0;2.1
1.020018;0.2;0;0.549194;0.2;0;-0.05;0.2;0;2.1
1.030002;0.2;0;0.542377;0.2;0;-0.05;0.2;0;2.1
1.040024;0.2;0;0.533806;0.2;0;-0.05;0.2;0;2.1
1.050019;0.2;0;0.528135;0.2;0;-0.05;0.2;0;2.1
1.060002;0.2;0;0.518416;0.2;0;-0.05;0.2;0;2.1
1.070021;0.2;0;0.513964;0.2;0;-0.05;0.2;0;2.1
1.080026;0.2;0;0.503156;0.2;0;-0.05;0.2;0;2.1
1.090026;0.2;0;0.49852;0.2;0;-0.05;0.2;0;2.1
1.100001;0.2;0;0.492645;0.2;0;-0.05;0.2;0;2.1
1.110007;0.2;0;0.486718;0.2;0;-0.05;0.2;0;2.1
1.120012;0.2;0;0.479528;0.2;0;-0.05;0.2;0;2.1
1.130028;0.2;0;0.471397;0.2;0;-0.05;0.2;0;2.1
1.140018;0.2;0;0.46761;0.2;0;-0.05;0.2;0;2.1
1.150019;0.2;0;0.458026;0.2;0;-0.05;0.2;0;2.1
1.160008;0.2;0;0.449177;0.2;0;-0.05;0.2;0;2.1
1.170030;0.2;0;0.444392;0.2;0;-0.05;0.2;0;2.1
1.180022;0.2;0;0.438915;0.2;0;-0.05;0.2;0;2.1
1.190021;0.2;0;0.437105;0.2;0;-0.05;0.2;0;2.1
1.200014;0.2;0;0.433776;0.2;0;-0.05;0.2;0;2.1
1.210027;0.2;0;0.427635;0.2;0;-0.05;0.2;0;2.1
1.220017;0.2;0;0.419597;0.2;0;-0.05;0.2;0;2.1
1.230014;0.2;0;0.409848;0.2;0;-0.05;0.2;0;2.1
1.240030;0.2;0;0.405381;0.2;0;-0.05;0.2;0;2.1
1.250003;0.2;0;0.400538;0.2;0;-0.05;0.2;0;2.1
1.260009;0.2;0;0.397509;0.2;0;-0.05;0.2;0;2.1
1.270005;0.2;0;0.39216;0.2;0;-0.05;0.2;0;2.1
1.280025;0.2;0;0.386491;0.2;0;-0.05;0.2;0;2.1
1.290012;0.2;0;0.380634;0.2;0;-0.05;0.2;0;2.1
1.300007;0.2;0;0.375454;0.2;0;-0.05;0.2;0;2.1
1.310004;0.2;0;0.373826;0.2;0;-0.05;0.2;0;2.1
1.320015;0.2;0;0.368975;0.2;0;-0.05;0.2;0;2.1
1.330007;0.2;0;0.360037;0.2;0;-0.05;0.2;0;2.1
1.340017;0.2;0;0.355733;0.2;0;-0.05;0.2;0;2.1
1.350005;0.2;0;0.354726;0.2;0;-0.05;0.2;0;2.1
1.360005;0.2;0;0.35203;0.2;0;-0.05;0.2;0;2.1
1.370006;0.2;0;0.348983;0.2;0;-0.05;0.2;0;2.1
1.380010;0.2;0;0.345933;0.2;0;-0.05;0.2;0;2.1
1.390017;0.2;0;0.340698;0.2;0;-0.05;0.2;0;2.1
1.400028;0.2;0;0.334284;0.2;0;-0.05;0.2;0;2.1
1.410010;0.2;0;0.329535;0.2;0;-0.05;0.2;0;2.1
1.420022;0.2;0;0.32469;0.2;0;-0.05;0.2;0;2.1
1.430004;0.2;0;0.321043;0.2;0;-0.05;0.2;0;2.1
1.440031;0.2;0;0.317512;0.2;0;-0.05;0.2;0;2.1
1.450003;0.2;0;0.313282;0.2;0;-0.05;0.2;0;2.1
1.460007;0.2;0;0.310335;0.2;0;-0.05;0.2;0;2.1
1.470029;0.2;0;0.307745;0.2;0;-0.05;0.2;0;2.1
1.480028;0.2;0;0.304822;0.2;0;-0.05;0.2;0;2.1
1.490001;0.2;0;0.30308;0.2;0;-0.05;0.2;0;2.1
1.500022;0.2;0;0.300613;0.2;0;-0.05;0.2;0;2.1
1.510008;0.2;0;0.297473;0.2;0;-0.05;0.2;0;2.1
1.520001;0.2;0;0.295055;0.2;0;-0.05;0.2;0;2.1
1.530003;0.2;0;0.293331;0.2;0;-0.05;0.2;0;2.1
1.540025;0.2;0;0.290096;0.2;0;-0.05;0.2;0;2.1
1.550004;0.2;0;0.286093;0.2;0;-0.05;0.2;0;2.1
1.560013;0.2;0;0.282001;0.2;0;-0.05;0.2;0;2.1
1.570030;0.2;0;0.2785;0.2;0;-0.05;0.2;0;2.1
1.580027;0.2;0;0.275654;0.2;0;-0.05;0.2;0;2.1
1.590030;0.2;0;0.273147;0.2;0;-0.05;0.2;0;2.1
1.600012;0.2;0;0.270161;0.2;0;-0.05;0.2;0;2.1
1.610010;0.2;0;0.266942;0.2;0;-0.05;0.2;0;2.1
1.620006;0.2;0;0.26295;0.2;0;-0.05;0.2;0;2.1
1.630018;0.2;0;0.25883;0.2;0;-0.05;0.2;0;2.1
1.640006;0.2;0;0.255702;0.2;0;-0.05;0.2;0;2.1
1.650028;0.2;0;0.25339;0.2;0;-0.05;0.2;0;2.1
1.660002;0.2;0;0.251013;0.2;0;-0.05;0.2;0;2.1
1.670018;0.2;0;0.248498;0.2;0;-0.05;0.2;0;2.1
1.680004;0.2;0;0.246682;0.2;0;-0.05;0.2;0;2.1
1.690022;0.2;0;0.245639;0.2;0;-0.05;0.2;0;2.1
1.700007;0.2;0;0.244896;0.2;0;-0.05;0.2;0;2.1
1.710025;0.2;0;0.24394;0.2;0;-0.05;0.2;0;2.1
1.720010;0.2;0;0.242375;0.2;0;-0.05;0.2;0;2.1
1.730006;0.2;0;0.239997;0.2;0;-0.05;0.2;0;2.1
1.740017;0.2;0;0.237814;0.2;0;-0.05;0.2;0;2.1
1.750014;0.2;0;0.235301;0.2;0;-0.05;0.2;0;2.1
1.760016;0.2;0;0.233094;0.2;0;-0.05;0.2;0;2.1
1.770000;0.2;0;0.23069;0.2;0;-0.05;0.2;0;2.1
1.780005;0.2;0;0.228486;0.2;0;-0.05;0.2;0;2.1
1.790030;0.2;0;0.226655;0.2;0;-0.05;0.2;0;2.1
1.800008;0.2;0;0.224963;0.2;0;-0.05;0.2;0;2.1
1.810016;0.2;0;0.223695;0.2;0;-0.05;0.2;0;2.1
1.820020;0.2;0;0.222141;0.2;0;-0.05;0.2;0;2.1
1.830000;0.2;0;0.219837;0.2;0;-0.05;0.2;0;2.1
1.840002;0.2;0;0.21756;0.2;0;-0.05;0.2;0;2.1
1.850017;0.2;0;0.215021;0.2;0;-0.05;0.2;0;2.1
1.860013;0.2;0;0.213166;0.2;0;-0.05;0.2;0;2.1
1.870008;0.2;0;0.211907;0.2;0;-0.05;0.2;0;2.1
1.880010;0.2;0;0.211161;0.2;0;-0.05;0.2;0;2.1
1.890006;0.2;0;0.210683;0.2;0;-0.05;0.2;0;2.1
1.900030;0.2;0;0.21016;0.2;0;-0.05;0.2;0;2.1
1.910017;0.2;0;0.2096;0.2;0;-0.05;0.2;0;2.1
1.920015;0.2;0;0.208972;0.2;0;-0.05;0.2;0;2.1
1.930015;0.2;0;0.208173;0.2;0;-0.05;0.2;0;2.1
1.940026;0.2;0;0.207122;0.2;0;-0.05;0.2;0;2.1
1.950005;0.2;0;0.205806;0.2;0;-0.05;0.2;0;2.1
1.960005;0.2;0;0.204485;0.2;0;-0.05;0.2;0;2.1
1.970006;0.2;0;0.2034;0.2;0;-0.05;0.2;0;2.1
1.980018;0.2;0;0.202329;0.2;0;-0.05;0.2;0;2.1
1.990000;0.2;0;0.201246;0.2;0;-0.05;0.2;0;2.1
